Desplazamiento Bala,Velocidad Bala,Estatus
-650,-465,0
-650,-465,0
-647,-465,0
-644,-465,0
-641,-465,0
-637,-465,0
-635,-465,0
-631,-465,0
-628,-465,0
-625,-465,0
-622,-465,0
-618,-465,0
-615,-465,0
-612,-465,0
-609,-465,0
-605,-465,0
-602,-465,0
-599,-465,0
-596,-465,0
-592,-465,0
-589,-465,0
-586,-465,0
-583,-465,0
-580,-465,0
-577,-465,0
-573,-465,0
-570,-465,0
-567,-465,0
-564,-465,0
-560,-465,0
-557,-465,0
-554,-465,0
-551,-465,0
-547,-465,0
-544,-465,0
-541,-465,0
-538,-465,0
-534,-465,0
-531,-465,0
-528,-465,0
-525,-465,0
-522,-465,0
-518,-465,0
-515,-465,0
-512,-465,0
-509,-465,0
-505,-465,0
-502,-465,0
-496,-465,0
-492,-465,0
-489,-465,0
-486,-465,0
-483,-465,0
-480,-465,0
-477,-465,0
-473,-465,0
-470,-465,0
-467,-465,0
-464,-465,0
-460,-465,0
-457,-465,0
-454,-465,0
-451,-465,0
-447,-465,0
-444,-465,0
-441,-465,0
-438,-465,0
-434,-465,0
-431,-465,0
-428,-465,0
-425,-465,0
-422,-465,0
-418,-465,0
-415,-465,0
-412,-465,0
-409,-465,0
-405,-465,0
-402,-465,0
-399,-465,0
-396,-465,0
-392,-465,0
-389,-465,0
-386,-465,0
-383,-465,0
-379,-465,0
-377,-465,0
-373,-465,0
-370,-465,0
-367,-465,0
-364,-465,0
-360,-465,0
-357,-465,0
-354,-465,0
-351,-465,0
-347,-465,0
-344,-465,0
-341,-465,0
-338,-465,0
-334,-465,0
-331,-465,0
-328,-465,0
-325,-465,0
-322,-465,0
-318,-465,0
-315,-465,0
-312,-465,0
-309,-465,0
-305,-465,0
-302,-465,0
-299,-465,0
-296,-465,0
-292,-465,0
-289,-465,0
-286,-465,0
-283,-465,0
-279,-465,0
-276,-465,0
-273,-465,0
-270,-465,0
-267,-465,0
-264,-465,0
-260,-465,0
-257,-465,0
-254,-465,0
-251,-465,0
-247,-465,0
-244,-465,0
-241,-465,0
-238,-465,0
-234,-465,0
-231,-465,0
-228,-465,0
-225,-465,0
-222,-465,0
-219,-465,0
-215,-465,0
-212,-465,0
-209,-465,0
-205,-465,0
-202,-465,0
-199,-465,0
-196,-465,0
-192,-465,0
-189,-465,0
-186,-465,0
-183,-465,0
-179,-465,0
-176,-465,0
-173,-465,0
-170,-465,0
-166,-465,0
-164,-465,0
-160,-465,0
-157,-465,0
-154,-465,0
-151,-465,0
-147,-465,0
-144,-465,0
-141,-465,0
-138,-465,0
-134,-465,0
-131,-465,0
-128,-465,0
-125,-465,0
-122,-465,0
-119,-465,0
-115,-465,0
-112,-465,0
-109,-465,0
-106,-465,0
-102,-465,0
-99,-465,0
-96,-465,0
-93,-465,0
-89,-465,0
-86,-465,0
-83,-465,0
-79,-465,0
-76,-465,0
-73,-465,0
-70,-465,0
-66,-465,0
-64,-465,0
-60,-465,0
-57,-465,0
-54,-465,0
-51,-465,0
-47,-465,0
-44,-465,0
-41,-465,0
-38,-465,0
-34,-465,0
-650,-459,0
-650,-459,0
-647,-459,0
-644,-459,0
-641,-459,0
-638,-459,0
-635,-459,0
-631,-459,0
-628,-459,0
-625,-459,0
-622,-459,0
-619,-459,0
-616,-459,0
-612,-459,0
-609,-459,0
-606,-459,0
-603,-459,0
-600,-459,0
-596,-459,0
-593,-459,0
-590,-459,0
-587,-459,0
-584,-459,0
-581,-459,0
-578,-459,0
-574,-459,0
-571,-459,0
-568,-459,0
-565,-459,0
-561,-459,0
-558,-459,0
-555,-459,0
-552,-459,0
-549,-459,0
-545,-459,0
-542,-459,0
-539,-459,0
-536,-459,0
-533,-459,0
-530,-459,0
-527,-459,0
-523,-459,0
-520,-459,0
-517,-459,0
-514,-459,0
-511,-459,0
-507,-459,0
-504,-459,0
-501,-459,0
-498,-459,0
-494,-459,0
-491,-459,0
-488,-459,0
-485,-459,0
-482,-459,0
-479,-459,0
-476,-459,0
-472,-459,0
-469,-459,0
-466,-459,0
-463,-459,0
-460,-459,0
-456,-459,0
-453,-459,0
-450,-459,0
-447,-459,0
-443,-459,0
-440,-459,0
-437,-459,0
-434,-459,0
-431,-459,0
-428,-459,0
-425,-459,0
-421,-459,0
-418,-459,0
-415,-459,0
-412,-459,0
-409,-459,0
-405,-459,0
-402,-459,0
-399,-459,0
-396,-459,0
-393,-459,0
-389,-459,0
-386,-459,0
-383,-459,0
-380,-459,0
-377,-459,0
-374,-459,0
-371,-459,0
-367,-459,0
-364,-459,0
-361,-459,0
-358,-459,0
-354,-459,0
-351,-459,0
-348,-459,0
-345,-459,0
-342,-459,0
-338,-459,0
-335,-459,0
-332,-459,0
-329,-459,0
-326,-459,0
-323,-459,0
-320,-459,0
-316,-459,0
-313,-459,0
-310,-459,0
-307,-459,0
-303,-459,0
-300,-459,0
-297,-459,0
-294,-459,0
-291,-459,0
-287,-459,0
-284,-459,0
-281,-459,0
-278,-459,0
-275,-459,0
-272,-459,0
-269,-459,0
-265,-459,0
-262,-459,0
-259,-459,0
-256,-459,0
-253,-459,0
-249,-459,0
-246,-459,0
-243,-459,0
-240,-459,0
-236,-459,0
-233,-459,0
-230,-459,0
-227,-459,0
-224,-459,0
-221,-459,0
-218,-459,0
-214,-459,0
-211,-459,0
-208,-459,0
-205,-459,0
-202,-459,0
-198,-459,0
-195,-459,0
-192,-459,0
-189,-459,0
-186,-459,0
-182,-459,0
-180,-459,0
-176,-459,0
-173,-459,0
-170,-459,0
-167,-459,0
-164,-459,0
-160,-459,0
-157,-459,0
-154,-459,0
-151,-459,0
-147,-459,0
-144,-459,0
-141,-459,0
-138,-459,0
-135,-459,0
-131,-459,0
-128,-459,0
-125,-459,0
-122,-459,0
-119,-459,0
-116,-459,0
-113,-459,0
-109,-459,1
-106,-459,1
-103,-459,1
-100,-459,1
-96,-459,1
-93,-459,1
-90,-459,1
-87,-459,1
-84,-459,1
-80,-459,1
-77,-459,1
-74,-459,1
-71,-459,1
-68,-459,1
-65,-459,1
-62,-459,1
-58,-459,1
-55,-459,1
-52,-459,1
-49,-459,1
-46,-459,1
-42,-459,1
-39,-459,1
-36,-459,1
-33,-459,1
-29,-459,1
-26,-459,1
-23,-459,1
-20,-459,1
-17,-459,1
-14,-459,1
-11,-459,1
-7,-459,1
-4,-459,1
-1,-459,1
2,-459,1
5,-459,1
9,-459,1
12,-459,1
15,-459,1
18,-459,1
21,-459,1
24,-459,1
27,-459,1
31,-459,1
34,-459,1
37,-459,1
40,-459,1
44,-459,1
47,-459,1
50,-459,1
-650,-548,1
-650,-548,1
-647,-548,1
-643,-548,1
-639,-548,1
-635,-548,1
-631,-548,1
-628,-548,1
-624,-548,1
-620,-548,1
-617,-548,1
-613,-548,1
-609,-548,1
-605,-548,1
-601,-548,1
-597,-548,1
-594,-548,1
-590,-548,1
-586,-548,1
-582,-548,1
-578,-548,1
-574,-548,1
-570,-548,1
-567,-548,1
-563,-548,1
-560,-548,1
-556,-548,1
-552,-548,1
-548,-548,1
-544,-548,1
-540,-548,1
-537,-548,1
-533,-548,1
-529,-548,1
-525,-548,1
-521,-548,1
-517,-548,1
-513,-548,1
-510,-548,1
-506,-548,1
-503,-548,1
-499,-548,1
-495,-548,1
-491,-548,1
-487,-548,1
-483,-548,1
-480,-548,1
-476,-548,0
-472,-548,0
-468,-548,0
-464,-548,0
-460,-548,0
-457,-548,0
-453,-548,0
-449,-548,0
-446,-548,0
-442,-548,0
-438,-548,0
-434,-548,0
-430,-548,0
-426,-548,0
-423,-548,0
-419,-548,0
-415,-548,0
-411,-548,0
-407,-548,0
-403,-548,0
-400,-548,0
-396,-548,0
-392,-548,0
-388,-548,0
-385,-548,0
-381,-548,0
-377,-548,0
-373,-548,0
-369,-548,0
-366,-548,0
-362,-548,0
-358,-548,0
-354,-548,0
-350,-548,0
-346,-548,0
-343,-548,0
-339,-548,0
-335,-548,0
-331,-548,0
-327,-548,0
-323,-548,0
-320,-548,0
-316,-548,0
-312,-548,0
-309,-548,0
-305,-548,0
-301,-548,0
-297,-548,0
-293,-548,0
-289,-548,0
-286,-548,0
-282,-548,0
-278,-548,0
-274,-548,0
-270,-548,0
-266,-548,0
-263,-548,0
-259,-548,0
-255,-548,0
-252,-548,0
-248,-548,0
-244,-548,0
-240,-548,0
-236,-548,0
-232,-548,0
-229,-548,0
-225,-548,0
-221,-548,0
-217,-548,0
-213,-548,0
-209,-548,0
-206,-548,0
-202,-548,0
-198,-548,0
-195,-548,0
-191,-548,0
-187,-548,0
-183,-548,0
-179,-548,0
-175,-548,0
-172,-548,0
-168,-548,0
-164,-548,0
-160,-548,0
-156,-548,0
-152,-548,0
-149,-548,0
-145,-548,0
-141,-548,0
-138,-548,0
-134,-548,0
-130,-548,0
-126,-548,0
-122,-548,0
-118,-548,0
-115,-548,0
-111,-548,0
-107,-548,0
-103,-548,0
-99,-548,0
-95,-548,0
-92,-548,0
-88,-548,0
-84,-548,0
-81,-548,0
-77,-548,0
-73,-548,1
-69,-548,1
-65,-548,1
-61,-548,1
-58,-548,1
-54,-548,1
-50,-548,1
-46,-548,1
-42,-548,1
-38,-548,1
-35,-548,1
-31,-548,1
-27,-548,1
-23,-548,1
-20,-548,1
-16,-548,1
-12,-548,1
-8,-548,1
-4,-548,1
-1,-548,1
3,-548,1
7,-548,1
11,-548,1
15,-548,1
19,-548,1
22,-548,1
26,-548,1
30,-548,1
34,-548,1
38,-548,1
42,-548,1
45,-548,1
49,-548,1
50,-548,1
-650,-800,1
-650,-800,1
-645,-800,1
-639,-800,1
-634,-800,1
-628,-800,1
-622,-800,1
-617,-800,1
-611,-800,1
-606,-800,1
-600,-800,1
-595,-800,1
-590,-800,1
-584,-800,1
-578,-800,1
-573,-800,1
-567,-800,1
-562,-800,1
-556,-800,1
-550,-800,1
-545,-800,1
-539,-800,1
-534,-800,1
-528,-800,1
-522,-800,1
-517,-800,1
-511,-800,1
-506,-800,1
-501,-800,1
-495,-800,1
-490,-800,1
-484,-800,1
-478,-800,1
-473,-800,1
-467,-800,1
-462,-800,1
-456,-800,1
-450,-800,1
-445,-800,1
-439,-800,1
-434,-800,1
-428,-800,1
-422,-800,1
-417,-800,1
-412,-800,1
-406,-800,0
-401,-800,0
-395,-800,0
-390,-800,0
-384,-800,0
-378,-800,0
-373,-800,0
-367,-800,0
-362,-800,0
-356,-800,0
-350,-800,0
-345,-800,0
-339,-800,0
-334,-800,0
-328,-800,0
-322,-800,0
-318,-800,0
-312,-800,0
-306,-800,0
-301,-800,0
-295,-800,0
-290,-800,0
-284,-800,0
-278,-800,0
-273,-800,0
-267,-800,0
-262,-800,0
-256,-800,0
-250,-800,0
-246,-800,0
-239,-800,0
-234,-800,0
-229,-800,0
-223,-800,0
-218,-800,0
-212,-800,0
-206,-800,0
-201,-800,0
-195,-800,0
-190,-800,0
-184,-800,0
-178,-800,0
-173,-800,0
-167,-800,0
-162,-800,0
-156,-800,0
-151,-800,0
-146,-800,0
-140,-800,0
-134,-800,0
-129,-800,0
-123,-800,0
-118,-800,0
-112,-800,0
-106,-800,0
-101,-800,0
-95,-800,1
-90,-800,1
-84,-800,1
-78,-800,1
-73,-800,1
-67,-800,1
-62,-800,1
-57,-800,1
-51,-800,1
-46,-800,1
-40,-800,1
-34,-800,1
-29,-800,1
-23,-800,1
-18,-800,1
-12,-800,1
-6,-800,1
-1,-800,1
5,-800,1
10,-800,1
16,-800,1
22,-800,1
26,-800,1
32,-800,1
38,-800,1
43,-800,1
49,-800,1
50,-800,1
-650,-683,1
-650,-683,1
-646,-683,1
-641,-683,1
-636,-683,1
-631,-683,1
-627,-683,1
-622,-683,1
-617,-683,1
-612,-683,1
-608,-683,1
-603,-683,1
-599,-683,1
-594,-683,1
-589,-683,1
-584,-683,1
-579,-683,1
-575,-683,1
-570,-683,1
-565,-683,1
-560,-683,1
-556,-683,1
-551,-683,1
-546,-683,1
-541,-683,1
-536,-683,1
-532,-683,1
-528,-683,1
-523,-683,1
-518,-683,1
-513,-683,1
-508,-683,1
-504,-683,1
-499,-683,1
-494,-683,1
-489,-683,1
-485,-683,1
-480,-683,1
-475,-683,1
-470,-683,1
-465,-683,1
-461,-683,1
-457,-683,1
-452,-683,0
-447,-683,0
-442,-683,0
-437,-683,0
-433,-683,0
-428,-683,0
-423,-683,0
-418,-683,0
-413,-683,0
-409,-683,0
-404,-683,0
-399,-683,0
-394,-683,0
-390,-683,0
-385,-683,0
-381,-683,0
-376,-683,0
-371,-683,0
-366,-683,0
-362,-683,0
-357,-683,0
-352,-683,0
-347,-683,0
-342,-683,0
-338,-683,0
-333,-683,0
-328,-683,0
-323,-683,0
-319,-683,0
-314,-683,0
-309,-683,0
-304,-683,0
-300,-683,0
-295,-683,0
-291,-683,0
-286,-683,0
-281,-683,0
-276,-683,0
-271,-683,0
-267,-683,0
-262,-683,0
-257,-683,0
-252,-683,0
-248,-683,0
-243,-683,0
-238,-683,0
-234,-683,0
-229,-683,0
-224,-683,0
-220,-683,0
-215,-683,0
-210,-683,0
-205,-683,0
-200,-683,0
-196,-683,0
-191,-683,0
-186,-683,0
-181,-683,0
-176,-683,0
-172,-683,0
-167,-683,0
-162,-683,0
-157,-683,0
-153,-683,0
-148,-683,0
-144,-683,0
-139,-683,0
-134,-683,0
-129,-683,0
-125,-683,0
-120,-683,0
-115,-683,0
-110,-683,0
-105,-683,1
-101,-683,1
-96,-683,1
-91,-683,1
-87,-683,1
-82,-683,1
-77,-683,1
-73,-683,1
-68,-683,1
-63,-683,1
-58,-683,1
-54,-683,1
-49,-683,1
-44,-683,1
-39,-683,1
-34,-683,1
-30,-683,1
-25,-683,1
-20,-683,1
-15,-683,1
-11,-683,1
-6,-683,1
-1,-683,1
3,-683,1
8,-683,1
13,-683,1
17,-683,1
22,-683,1
27,-683,1
32,-683,1
37,-683,1
41,-683,1
46,-683,1
50,-683,1
-650,-631,1
-650,-631,1
-646,-631,1
-642,-631,1
-637,-631,1
-633,-631,1
-629,-631,1
-625,-631,1
-620,-631,1
-616,-631,1
-611,-631,1
-607,-631,1
-603,-631,1
-598,-631,1
-594,-631,1
-589,-631,1
-585,-631,1
-580,-631,1
-576,-631,1
-572,-631,1
-568,-631,1
-563,-631,1
-559,-631,1
-555,-631,1
-550,-631,1
-546,-631,1
-541,-631,1
-537,-631,1
-533,-631,1
-528,-631,1
-524,-631,1
-519,-631,1
-515,-631,1
-510,-631,1
-506,-631,1
-502,-631,1
-498,-631,1
-493,-631,1
-489,-631,1
-485,-631,1
-480,-631,1
-476,-631,1
-471,-631,1
-467,-631,1
-462,-631,1
-458,-631,0
-454,-631,0
-449,-631,0
-445,-631,0
-440,-631,0
-436,-631,0
-432,-631,0
-428,-631,0
-423,-631,0
-419,-631,0
-415,-631,0
-410,-631,0
-406,-631,0
-401,-631,0
-397,-631,0
-392,-631,0
-388,-631,0
-384,-631,0
-379,-631,0
-375,-631,0
-370,-631,0
-367,-631,0
-362,-631,0
-358,-631,0
-353,-631,0
-349,-631,0
-344,-631,0
-340,-631,0
-336,-631,0
-331,-631,0
-327,-631,0
-322,-631,0
-318,-631,0
-314,-631,0
-309,-631,0
-305,-631,0
-300,-631,0
-296,-631,0
-292,-631,0
-288,-631,0
-283,-631,0
-279,-631,0
-274,-631,0
-270,-631,0
-266,-631,0
-261,-631,0
-257,-631,0
-252,-631,0
-248,-631,0
-244,-631,0
-239,-631,0
-235,-631,0
-230,-631,0
-226,-631,0
-221,-631,0
-218,-631,0
-213,-631,0
-209,-631,0
-204,-631,0
-200,-631,0
-196,-631,0
-191,-631,0
-187,-631,0
-182,-631,0
-178,-631,0
-173,-631,0
-169,-631,0
-165,-631,0
-160,-631,0
-156,-631,0
-151,-631,0
-148,-631,0
-143,-631,0
-139,-631,0
-134,-631,0
-130,-631,0
-126,-631,0
-121,-631,0
-117,-631,0
-112,-631,0
-108,-631,0
-103,-631,1
-99,-631,1
-95,-631,1
-90,-631,1
-86,-631,1
-82,-631,1
-78,-631,1
-73,-631,1
-69,-631,1
-64,-631,1
-60,-631,1
-55,-631,1
-51,-631,1
-47,-631,1
-42,-631,1
-38,-631,1
-33,-631,1
-29,-631,1
-25,-631,1
-20,-631,1
-16,-631,1
-12,-631,1
-8,-631,1
-3,-631,1
1,-631,1
6,-631,1
10,-631,1
15,-631,1
19,-631,1
23,-631,1
28,-631,1
32,-631,1
37,-631,1
41,-631,1
45,-631,1
50,-631,1
-650,-420,1
-650,-420,1
-648,-420,1
-645,-420,1
-642,-420,1
-639,-420,1
-636,-420,1
-633,-420,1
-630,-420,1
-627,-420,1
-624,-420,1
-621,-420,1
-618,-420,1
-615,-420,1
-612,-420,1
-609,-420,1
-606,-420,1
-604,-420,1
-601,-420,1
-598,-420,1
-595,-420,1
-592,-420,1
-589,-420,1
-586,-420,1
-583,-420,1
-580,-420,1
-577,-420,1
-574,-420,1
-572,-420,1
-569,-420,1
-566,-420,1
-563,-420,1
-560,-420,1
-557,-420,1
-554,-420,1
-551,-420,1
-548,-420,1
-545,-420,1
-543,-420,1
-540,-420,1
-537,-420,1
-534,-420,1
-531,-420,1
-528,-420,1
-525,-420,1
-522,-420,1
-519,-420,0
-516,-420,0
-513,-420,0
-511,-420,0
-508,-420,0
-505,-420,0
-502,-420,0
-499,-420,0
-496,-420,0
-493,-420,0
-490,-420,0
-487,-420,0
-484,-420,0
-481,-420,0
-478,-420,0
-475,-420,0
-472,-420,0
-469,-420,0
-467,-420,0
-464,-420,0
-461,-420,0
-458,-420,0
-455,-420,0
-452,-420,0
-449,-420,0
-446,-420,0
-443,-420,0
-440,-420,0
-438,-420,0
-435,-420,0
-432,-420,0
-429,-420,0
-426,-420,0
-423,-420,0
-420,-420,0
-417,-420,0
-414,-420,0
-412,-420,0
-409,-420,0
-406,-420,0
-403,-420,0
-400,-420,0
-397,-420,0
-394,-420,0
-391,-420,0
-388,-420,0
-385,-420,0
-382,-420,0
-379,-420,0
-376,-420,0
-374,-420,0
-371,-420,0
-368,-420,0
-365,-420,0
-362,-420,0
-359,-420,0
-356,-420,0
-353,-420,0
-350,-420,0
-347,-420,0
-344,-420,0
-341,-420,0
-338,-420,0
-335,-420,0
-333,-420,0
-330,-420,0
-327,-420,0
-324,-420,0
-321,-420,0
-318,-420,0
-315,-420,0
-312,-420,0
-309,-420,0
-307,-420,0
-304,-420,0
-301,-420,0
-298,-420,0
-295,-420,0
-292,-420,0
-289,-420,0
-286,-420,0
-283,-420,0
-280,-420,0
-277,-420,0
-275,-420,0
-272,-420,0
-269,-420,0
-266,-420,0
-263,-420,0
-260,-420,0
-257,-420,0
-254,-420,0
-251,-420,0
-248,-420,0
-245,-420,0
-242,-420,0
-239,-420,0
-236,-420,0
-233,-420,0
-231,-420,0
-228,-420,0
-225,-420,0
-222,-420,0
-219,-420,0
-216,-420,0
-213,-420,0
-210,-420,0
-207,-420,0
-204,-420,0
-202,-420,0
-199,-420,0
-196,-420,0
-193,-420,0
-190,-420,0
-187,-420,0
-184,-420,0
-181,-420,0
-178,-420,0
-175,-420,0
-173,-420,0
-170,-420,0
-167,-420,0
-164,-420,0
-161,-420,0
-158,-420,0
-155,-420,0
-152,-420,0
-149,-420,0
-146,-420,0
-143,-420,0
-140,-420,0
-138,-420,0
-135,-420,0
-132,-420,0
-129,-420,0
-126,-420,0
-123,-420,0
-120,-420,0
-117,-420,0
-114,-420,0
-111,-420,0
-108,-420,0
-105,-420,0
-102,-420,0
-99,-420,0
-97,-420,0
-94,-420,0
-91,-420,0
-88,-420,0
-85,-420,0
-82,-420,0
-79,-420,0
-76,-420,0
-73,-420,0
-70,-420,0
-68,-420,0
-65,-420,0
-62,-420,0
-59,-420,0
-56,-420,1
-53,-420,1
-50,-420,1
-47,-420,1
-44,-420,1
-41,-420,1
-39,-420,1
-36,-420,1
-33,-420,1
-650,-388,1
-650,-388,1
-648,-388,1
-645,-388,1
-642,-388,1
-640,-388,1
-637,-388,1
-635,-388,1
-632,-388,1
-629,-388,1
-626,-388,1
-624,-388,1
-621,-388,1
-618,-388,1
-616,-388,1
-613,-388,1
-610,-388,1
-607,-388,1
-605,-388,1
-602,-388,1
-599,-388,1
-597,-388,1
-594,-388,1
-592,-388,1
-589,-388,1
-586,-388,1
-583,-388,1
-581,-388,0
-578,-388,0
-575,-388,0
-573,-388,0
-570,-388,0
-567,-388,0
-564,-388,0
-562,-388,0
-559,-388,0
-556,-388,0
-553,-388,0
-551,-388,0
-548,-388,0
-546,-388,0
-543,-388,0
-540,-388,0
-538,-388,0
-535,-388,0
-532,-388,0
-529,-388,0
-527,-388,0
-524,-388,0
-521,-388,0
-519,-388,0
-516,-388,0
-513,-388,0
-510,-388,0
-508,-388,0
-505,-388,0
-503,-388,0
-500,-388,0
-497,-388,0
-495,-388,0
-492,-388,0
-489,-388,0
-486,-388,0
-484,-388,0
-481,-388,0
-478,-388,0
-476,-388,0
-473,-388,0
-470,-388,0
-467,-388,0
-465,-388,0
-462,-388,0
-460,-388,0
-457,-388,0
-454,-388,0
-451,-388,0
-449,-388,0
-446,-388,0
-443,-388,0
-441,-388,0
-438,-388,0
-435,-388,0
-432,-388,0
-430,-388,0
-427,-388,0
-424,-388,0
-422,-388,0
-419,-388,0
-417,-388,0
-414,-388,0
-411,-388,0
-408,-388,0
-406,-388,0
-403,-388,0
-400,-388,0
-398,-388,0
-395,-388,0
-392,-388,0
-389,-388,0
-387,-388,0
-384,-388,0
-382,-388,0
-379,-388,0
-376,-388,0
-373,-388,0
-371,-388,0
-368,-388,0
-365,-388,0
-363,-388,0
-360,-388,0
-357,-388,0
-354,-388,0
-352,-388,0
-349,-388,0
-346,-388,0
-344,-388,0
-341,-388,0
-338,-388,0
-335,-388,0
-333,-388,0
-330,-388,0
-328,-388,0
-325,-388,0
-322,-388,0
-320,-388,0
-317,-388,0
-314,-388,0
-311,-388,0
-309,-388,0
-306,-388,0
-303,-388,0
-301,-388,0
-298,-388,0
-295,-388,0
-293,-388,0
-290,-388,0
-287,-388,0
-285,-388,0
-282,-388,0
-279,-388,0
-276,-388,0
-274,-388,0
-271,-388,0
-268,-388,0
-266,-388,0
-263,-388,0
-260,-388,0
-257,-388,0
-255,-388,0
-252,-388,0
-250,-388,0
-247,-388,0
-244,-388,0
-242,-388,0
-239,-388,0
-236,-388,0
-233,-388,0
-231,-388,0
-228,-388,0
-225,-388,0
-223,-388,0
-220,-388,0
-217,-388,0
-214,-388,0
-212,-388,0
-209,-388,0
-206,-388,0
-204,-388,0
-201,-388,0
-198,-388,0
-196,-388,0
-193,-388,0
-190,-388,0
-188,-388,0
-185,-388,0
-182,-388,0
-179,-388,0
-177,-388,0
-174,-388,0
-171,-388,0
-169,-388,0
-166,-388,0
-164,-388,0
-161,-388,0
-158,-388,0
-155,-388,0
-153,-388,0
-150,-388,0
-147,-388,0
-145,-388,0
-142,-388,0
-139,-388,0
-136,-388,0
-134,-388,0
-131,-388,0
-128,-388,0
-126,-388,0
-123,-388,0
-120,-388,0
-118,-388,0
-115,-388,0
-112,-388,0
-110,-388,0
-107,-388,0
-104,-388,0
-101,-388,0
-99,-388,0
-96,-388,0
-93,-388,0
-91,-388,0
-88,-388,0
-85,-388,1
-82,-388,1
-80,-388,1
-77,-388,1
-75,-388,1
-72,-388,1
-69,-388,1
-67,-388,1
-64,-388,1
-61,-388,1
-58,-388,1
-56,-388,1
-53,-388,1
-50,-388,1
-48,-388,1
-45,-388,1
-42,-388,1
-39,-388,1
-37,-388,1
-34,-388,1
-32,-388,1
-29,-388,1
-26,-388,1
-23,-388,1
-21,-388,1
-18,-388,1
-15,-388,1
-13,-388,1
-10,-388,1
-7,-388,1
-4,-388,1
-2,-388,1
1,-388,1
4,-388,1
6,-388,1
9,-388,1
11,-388,1
14,-388,1
17,-388,1
20,-388,1
22,-388,1
25,-388,1
28,-388,1
30,-388,1
33,-388,1
36,-388,1
39,-388,1
41,-388,1
44,-388,1
47,-388,1
49,-388,1
50,-388,1
-650,-304,1
-650,-304,1
-648,-304,1
-646,-304,1
-644,-304,1
-642,-304,1
-640,-304,1
-638,-304,1
-636,-304,1
-633,-304,1
-631,-304,1
-629,-304,1
-627,-304,1
-625,-304,1
-623,-304,1
-621,-304,1
-619,-304,1
-617,-304,1
-615,-304,1
-612,-304,1
-610,-304,1
-608,-304,1
-606,-304,1
-604,-304,1
-602,-304,1
-600,-304,1
-598,-304,1
-595,-304,1
-593,-304,1
-591,-304,1
-589,-304,1
-587,-304,1
-585,-304,1
-583,-304,1
-581,-304,1
-579,-304,1
-577,-304,1
-574,-304,1
-572,-304,1
-570,-304,1
-568,-304,1
-566,-304,1
-564,-304,1
-562,-304,1
-560,-304,1
-557,-304,1
-555,-304,1
-554,-304,0
-551,-304,0
-549,-304,0
-547,-304,0
-545,-304,0
-543,-304,0
-541,-304,0
-539,-304,0
-536,-304,0
-534,-304,0
-532,-304,0
-530,-304,0
-528,-304,0
-526,-304,0
-524,-304,0
-522,-304,0
-520,-304,0
-518,-304,0
-516,-304,0
-513,-304,0
-511,-304,0
-509,-304,0
-507,-304,0
-505,-304,0
-503,-304,0
-501,-304,0
-498,-304,0
-496,-304,0
-494,-304,0
-492,-304,0
-490,-304,0
-488,-304,0
-486,-304,0
-484,-304,0
-482,-304,0
-480,-304,0
-478,-304,0
-475,-304,0
-473,-304,0
-471,-304,0
-469,-304,0
-467,-304,0
-465,-304,0
-463,-304,0
-460,-304,0
-458,-304,0
-457,-304,0
-454,-304,0
-452,-304,0
-450,-304,0
-448,-304,0
-446,-304,0
-444,-304,0
-442,-304,0
-440,-304,0
-437,-304,0
-435,-304,0
-433,-304,0
-431,-304,0
-429,-304,0
-427,-304,0
-425,-304,0
-422,-304,0
-421,-304,0
-419,-304,0
-416,-304,0
-414,-304,0
-412,-304,0
-410,-304,0
-408,-304,0
-406,-304,0
-404,-304,0
-402,-304,0
-399,-304,0
-397,-304,0
-395,-304,0
-393,-304,0
-391,-304,0
-389,-304,0
-387,-304,0
-385,-304,0
-383,-304,0
-381,-304,0
-378,-304,0
-376,-304,0
-374,-304,0
-372,-304,0
-370,-304,0
-368,-304,0
-366,-304,0
-364,-304,0
-361,-304,0
-359,-304,0
-357,-304,0
-355,-304,0
-353,-304,0
-351,-304,0
-349,-304,0
-347,-304,0
-345,-304,0
-343,-304,0
-340,-304,0
-338,-304,0
-336,-304,0
-334,-304,0
-332,-304,0
-330,-304,0
-328,-304,0
-326,-304,0
-323,-304,0
-322,-304,0
-319,-304,0
-317,-304,0
-315,-304,0
-313,-304,0
-311,-304,0
-309,-304,0
-307,-304,0
-305,-304,0
-302,-304,0
-300,-304,0
-298,-304,0
-296,-304,0
-294,-304,0
-292,-304,0
-290,-304,0
-288,-304,0
-286,-304,0
-284,-304,0
-281,-304,0
-279,-304,0
-277,-304,0
-275,-304,0
-273,-304,0
-271,-304,0
-269,-304,0
-267,-304,0
-264,-304,0
-262,-304,0
-260,-304,0
-258,-304,0
-256,-304,0
-254,-304,0
-252,-304,0
-250,-304,0
-248,-304,0
-246,-304,0
-243,-304,0
-241,-304,0
-239,-304,0
-237,-304,0
-235,-304,0
-233,-304,0
-231,-304,0
-229,-304,0
-226,-304,0
-224,-304,0
-222,-304,0
-220,-304,0
-218,-304,0
-216,-304,0
-214,-304,0
-212,-304,0
-210,-304,0
-208,-304,0
-205,-304,0
-203,-304,0
-201,-304,0
-199,-304,0
-197,-304,0
-195,-304,0
-193,-304,0
-191,-304,0
-188,-304,0
-186,-304,0
-184,-304,0
-182,-304,0
-180,-304,0
-178,-304,0
-176,-304,0
-174,-304,0
-172,-304,0
-170,-304,0
-167,-304,0
-165,-304,0
-163,-304,0
-161,-304,0
-159,-304,0
-157,-304,0
-155,-304,0
-153,-304,0
-151,-304,0
-149,-304,0
-146,-304,0
-144,-304,0
-142,-304,0
-140,-304,0
-138,-304,0
-136,-304,0
-134,-304,0
-132,-304,0
-129,-304,0
-127,-304,0
-125,-304,0
-123,-304,0
-121,-304,0
-119,-304,0
-117,-304,0
-115,-304,0
-113,-304,0
-111,-304,0
-108,-304,0
-106,-304,0
-104,-304,0
-102,-304,0
-100,-304,0
-98,-304,0
-96,-304,0
-94,-304,0
-91,-304,0
-89,-304,0
-87,-304,0
-85,-304,0
-83,-304,0
-81,-304,0
-79,-304,0
-77,-304,0
-75,-304,0
-73,-304,0
-70,-304,0
-68,-304,0
-66,-304,0
-64,-304,0
-62,-304,1
-60,-304,1
-58,-304,1
-56,-304,1
-53,-304,1
-52,-304,1
-49,-304,1
-47,-304,1
-45,-304,1
-43,-304,1
-41,-304,1
-39,-304,1
-37,-304,1
-35,-304,1
-32,-304,1
-30,-304,1
-28,-304,1
-26,-304,1
-24,-304,1
-22,-304,1
-20,-304,1
-18,-304,1
-16,-304,1
-14,-304,1
-11,-304,1
-9,-304,1
-7,-304,1
-5,-304,1
-3,-304,1
-1,-304,1
1,-304,1
3,-304,1
6,-304,1
8,-304,1
10,-304,1
12,-304,1
14,-304,1
16,-304,1
18,-304,1
20,-304,1
22,-304,1
24,-304,1
27,-304,1
29,-304,1
31,-304,1
33,-304,1
35,-304,1
37,-304,1
39,-304,1
41,-304,1
44,-304,1
46,-304,1
48,-304,1
50,-304,1
-650,-661,1
-650,-661,1
-646,-661,1
-641,-661,1
-637,-661,1
-632,-661,1
-627,-661,1
-623,-661,1
-618,-661,1
-613,-661,1
-609,-661,1
-604,-661,1
-600,-661,1
-595,-661,1
-590,-661,1
-586,-661,1
-582,-661,1
-577,-661,1
-573,-661,1
-568,-661,1
-563,-661,1
-559,-661,1
-554,-661,1
-549,-661,1
-545,-661,1
-540,-661,1
-535,-661,1
-531,-661,1
-526,-661,1
-522,-661,1
-518,-661,1
-513,-661,1
-508,-661,1
-504,-661,1
-499,-661,1
-495,-661,1
-490,-661,1
-485,-661,1
-481,-661,1
-476,-661,1
-471,-661,1
-467,-661,1
-462,-661,1
-457,-661,1
-453,-661,1
-448,-661,1
-444,-661,1
-439,-661,0
-435,-661,0
-430,-661,0
-426,-661,0
-421,-661,0
-417,-661,0
-412,-661,0
-407,-661,0
-403,-661,0
-398,-661,0
-393,-661,0
-389,-661,0
-384,-661,0
-379,-661,0
-375,-661,0
-370,-661,0
-366,-661,0
-362,-661,0
-357,-661,0
-352,-661,0
-348,-661,0
-343,-661,0
-339,-661,0
-334,-661,0
-329,-661,0
-325,-661,0
-320,-661,0
-315,-661,0
-311,-661,0
-306,-661,0
-301,-661,0
-297,-661,0
-292,-661,0
-288,-661,0
-284,-661,0
-279,-661,0
-274,-661,0
-270,-661,0
-265,-661,0
-261,-661,0
-256,-661,0
-251,-661,0
-247,-661,0
-242,-661,0
-237,-661,0
-233,-661,0
-228,-661,0
-223,-661,0
-220,-661,0
-215,-661,0
-210,-661,0
-206,-661,0
-201,-661,0
-196,-661,0
-192,-661,0
-187,-661,0
-183,-661,0
-178,-661,0
-173,-661,0
-169,-661,0
-164,-661,0
-159,-661,0
-155,-661,0
-150,-661,0
-146,-661,0
-142,-661,0
-137,-661,0
-132,-661,0
-127,-661,0
-123,-661,0
-118,-661,0
-114,-661,1
-109,-661,1
-105,-661,1
-100,-661,1
-95,-661,1
-91,-661,1
-86,-661,1
-81,-661,1
-77,-661,1
-72,-661,1
-68,-661,1
-64,-661,1
-59,-661,1
-54,-661,1
-50,-661,1
-45,-661,1
-40,-661,1
-36,-661,1
-31,-661,1
-27,-661,1
-22,-661,1
-17,-661,1
-13,-661,1
-8,-661,1
-3,-661,1
1,-661,1
5,-661,1
10,-661,1
14,-661,1
19,-661,1
24,-661,1
28,-661,1
33,-661,1
38,-661,1
42,-661,1
47,-661,1
50,-661,1
-650,-705,1
-650,-705,1
-646,-705,1
-641,-705,1
-636,-705,1
-631,-705,1
-627,-705,1
-622,-705,1
-617,-705,1
-612,-705,1
-607,-705,1
-602,-705,1
-597,-705,1
-592,-705,1
-587,-705,1
-582,-705,1
-577,-705,1
-572,-705,1
-567,-705,1
-562,-705,1
-558,-705,1
-553,-705,1
-548,-705,1
-543,-705,1
-538,-705,1
-533,-705,1
-529,-705,1
-524,-705,1
-519,-705,1
-514,-705,1
-509,-705,1
-504,-705,1
-499,-705,1
-494,-705,1
-489,-705,1
-484,-705,1
-480,-705,1
-475,-705,1
-470,-705,1
-465,-705,1
-460,-705,1
-455,-705,1
-450,-705,1
-445,-705,1
-440,-705,1
-435,-705,1
-431,-705,0
-426,-705,0
-421,-705,0
-416,-705,0
-411,-705,0
-407,-705,0
-402,-705,0
-397,-705,0
-392,-705,0
-387,-705,0
-382,-705,0
-377,-705,0
-372,-705,0
-367,-705,0
-362,-705,0
-357,-705,0
-352,-705,0
-347,-705,0
-342,-705,0
-337,-705,0
-333,-705,0
-328,-705,0
-323,-705,0
-318,-705,0
-314,-705,0
-309,-705,0
-304,-705,0
-299,-705,0
-294,-705,0
-289,-705,0
-284,-705,0
-279,-705,0
-274,-705,0
-269,-705,0
-264,-705,0
-259,-705,0
-254,-705,0
-250,-705,0
-245,-705,0
-240,-705,0
-235,-705,0
-230,-705,0
-225,-705,0
-220,-705,0
-216,-705,0
-211,-705,0
-206,-705,0
-201,-705,0
-196,-705,0
-191,-705,0
-186,-705,0
-181,-705,0
-177,-705,0
-171,-705,0
-167,-705,0
-162,-705,0
-157,-705,0
-152,-705,0
-147,-705,0
-142,-705,0
-137,-705,0
-132,-705,1
-127,-705,1
-122,-705,1
-118,-705,1
-113,-705,1
-108,-705,1
-103,-705,1
-98,-705,1
-94,-705,1
-89,-705,1
-84,-705,1
-79,-705,1
-74,-705,1
-69,-705,1
-64,-705,1
-59,-705,1
-54,-705,1
-49,-705,1
-44,-705,1
-39,-705,1
-34,-705,1
-29,-705,1
-24,-705,1
-20,-705,1
-15,-705,1
-10,-705,1
-5,-705,1
0,-705,1
4,-705,1
9,-705,1
14,-705,1
19,-705,1
24,-705,1
29,-705,1
34,-705,1
39,-705,1
44,-705,1
49,-705,1
50,-705,1
-650,-471,1
-650,-471,1
-648,-471,1
-644,-471,1
-641,-471,1
-638,-471,1
-634,-471,1
-631,-471,1
-628,-471,1
-625,-471,1
-621,-471,1
-618,-471,1
-615,-471,1
-611,-471,1
-608,-471,1
-605,-471,1
-602,-471,1
-599,-471,1
-595,-471,1
-592,-471,1
-589,-471,1
-586,-471,1
-582,-471,1
-579,-471,1
-576,-471,1
-572,-471,1
-569,-471,1
-566,-471,1
-562,-471,1
-559,-471,1
-556,-471,1
-553,-471,1
-549,-471,1
-546,-471,1
-543,-471,1
-540,-471,1
-537,-471,1
-533,-471,1
-530,-471,1
-527,-471,1
-523,-471,1
-520,-471,1
-517,-471,1
-513,-471,1
-510,-471,1
-507,-471,1
-504,-471,0
-500,-471,0
-497,-471,0
-494,-471,0
-491,-471,0
-488,-471,0
-484,-471,0
-481,-471,0
-478,-471,0
-474,-471,0
-471,-471,0
-468,-471,0
-464,-471,0
-461,-471,0
-458,-471,0
-455,-471,0
-451,-471,0
-448,-471,0
-445,-471,0
-441,-471,0
-439,-471,0
-435,-471,0
-432,-471,0
-429,-471,0
-425,-471,0
-422,-471,0
-419,-471,0
-415,-471,0
-412,-471,0
-409,-471,0
-406,-471,0
-402,-471,0
-399,-471,0
-396,-471,0
-392,-471,0
-389,-471,0
-386,-471,0
-383,-471,0
-380,-471,0
-376,-471,0
-373,-471,0
-370,-471,0
-366,-471,0
-363,-471,0
-360,-471,0
-357,-471,0
-353,-471,0
-350,-471,0
-347,-471,0
-343,-471,0
-341,-471,0
-337,-471,0
-334,-471,0
-331,-471,0
-327,-471,0
-324,-471,0
-321,-471,0
-318,-471,0
-314,-471,0
-311,-471,0
-308,-471,0
-304,-471,0
-301,-471,0
-298,-471,0
-294,-471,0
-291,-471,0
-288,-471,0
-285,-471,0
-282,-471,0
-278,-471,0
-275,-471,0
-272,-471,0
-269,-471,0
-265,-471,0
-262,-471,0
-259,-471,0
-255,-471,0
-252,-471,0
-249,-471,0
-245,-471,0
-242,-471,0
-239,-471,0
-236,-471,0
-233,-471,0
-229,-471,0
-226,-471,0
-223,-471,0
-220,-471,0
-216,-471,0
-213,-471,0
-210,-471,0
-206,-471,0
-203,-471,0
-200,-471,0
-196,-471,0
-193,-471,0
-190,-471,0
-187,-471,0
-183,-471,0
-180,-471,0
-177,-471,0
-174,-471,0
-171,-471,0
-167,-471,0
-164,-471,0
-161,-471,0
-157,-471,0
-154,-471,0
-151,-471,0
-147,-471,0
-144,-471,0
-141,-471,0
-138,-471,0
-134,-471,0
-131,-471,0
-128,-471,0
-125,-471,0
-122,-471,0
-118,-471,0
-115,-471,0
-112,-471,0
-108,-471,0
-105,-471,0
-102,-471,0
-98,-471,0
-95,-471,0
-92,-471,1
-89,-471,1
-85,-471,1
-82,-471,1
-79,-471,1
-76,-471,1
-73,-471,1
-69,-471,1
-66,-471,1
-63,-471,1
-59,-471,1
-56,-471,1
-53,-471,1
-50,-471,1
-46,-471,1
-43,-471,1
-40,-471,1
-36,-471,1
-33,-471,1
-30,-471,1
-27,-471,1
-24,-471,1
-20,-471,1
-17,-471,1
-14,-471,1
-10,-471,1
-7,-471,1
-4,-471,1
-1,-471,1
3,-471,1
6,-471,1
9,-471,1
13,-471,1
16,-471,1
19,-471,1
23,-471,1
26,-471,1
29,-471,1
32,-471,1
35,-471,1
39,-471,1
42,-471,1
45,-471,1
48,-471,1
50,-471,1
-650,-524,1
-650,-524,1
-647,-524,1
-643,-524,1
-639,-524,1
-636,-524,1
-632,-524,1
-628,-524,1
-625,-524,1
-622,-524,1
-618,-524,1
-614,-524,1
-611,-524,1
-607,-524,1
-603,-524,1
-600,-524,1
-596,-524,1
-592,-524,1
-589,-524,1
-585,-524,1
-581,-524,1
-578,-524,1
-575,-524,1
-571,-524,1
-567,-524,1
-564,-524,1
-560,-524,1
-556,-524,1
-553,-524,1
-549,-524,1
-545,-524,1
-542,-524,1
-538,-524,1
-534,-524,1
-531,-524,1
-527,-524,1
-523,-524,1
-519,-524,1
-516,-524,1
-513,-524,1
-509,-524,1
-505,-524,1
-502,-524,1
-498,-524,1
-494,-524,1
-491,-524,1
-487,-524,1
-483,-524,0
-480,-524,0
-476,-524,0
-472,-524,0
-469,-524,0
-465,-524,0
-461,-524,0
-458,-524,0
-454,-524,0
-451,-524,0
-447,-524,0
-444,-524,0
-440,-524,0
-436,-524,0
-433,-524,0
-429,-524,0
-425,-524,0
-422,-524,0
-418,-524,0
-414,-524,0
-411,-524,0
-407,-524,0
-403,-524,0
-400,-524,0
-396,-524,0
-393,-524,0
-389,-524,0
-385,-524,0
-382,-524,0
-378,-524,0
-374,-524,0
-371,-524,0
-367,-524,0
-363,-524,0
-360,-524,0
-356,-524,0
-352,-524,0
-349,-524,0
-345,-524,0
-341,-524,0
-338,-524,0
-335,-524,0
-331,-524,0
-327,-524,0
-324,-524,0
-320,-524,0
-316,-524,0
-313,-524,0
-309,-524,0
-305,-524,0
-302,-524,0
-298,-524,0
-294,-524,0
-291,-524,0
-287,-524,0
-283,-524,0
-280,-524,0
-276,-524,0
-273,-524,0
-269,-524,0
-265,-524,0
-262,-524,0
-258,-524,0
-254,-524,0
-251,-524,0
-247,-524,0
-243,-524,0
-240,-524,0
-236,-524,0
-232,-524,0
-229,-524,0
-225,-524,0
-222,-524,0
-218,-524,0
-215,-524,0
-211,-524,0
-207,-524,0
-204,-524,0
-200,-524,0
-196,-524,0
-193,-524,0
-189,-524,0
-185,-524,0
-182,-524,0
-178,-524,0
-174,-524,0
-171,-524,0
-167,-524,0
-164,-524,0
-160,-524,0
-156,-524,0
-153,-524,0
-149,-524,0
-145,-524,0
-142,-524,0
-138,-524,0
-134,-524,0
-131,-524,0
-127,-524,0
-123,-524,0
-120,-524,0
-116,-524,0
-112,-524,0
-109,-524,0
-105,-524,0
-102,-524,0
-98,-524,0
-95,-524,0
-91,-524,0
-87,-524,0
-84,-524,1
-80,-524,1
-76,-524,1
-73,-524,1
-69,-524,1
-65,-524,1
-62,-524,1
-58,-524,1
-54,-524,1
-51,-524,1
-47,-524,1
-44,-524,1
-40,-524,1
-36,-524,1
-33,-524,1
-29,-524,1
-25,-524,1
-22,-524,1
-18,-524,1
-14,-524,1
-11,-524,1
-7,-524,1
-3,-524,1
0,-524,1
4,-524,1
7,-524,1
11,-524,1
14,-524,1
18,-524,1
22,-524,1
25,-524,1
29,-524,1
33,-524,1
36,-524,1
40,-524,1
44,-524,1
47,-524,1
50,-524,1
-650,-689,1
-650,-689,1
-646,-689,1
-641,-689,1
-637,-689,1
-632,-689,1
-627,-689,1
-622,-689,1
-617,-689,1
-613,-689,1
-608,-689,1
-603,-689,1
-598,-689,1
-593,-689,1
-588,-689,1
-584,-689,1
-579,-689,1
-574,-689,1
-570,-689,1
-564,-689,1
-560,-689,1
-555,-689,1
-551,-689,1
-546,-689,1
-541,-689,1
-536,-689,1
-531,-689,1
-526,-689,1
-522,-689,1
-517,-689,1
-512,-689,1
-507,-689,1
-502,-689,1
-498,-689,1
-493,-689,1
-489,-689,1
-484,-689,1
-479,-689,1
-474,-689,1
-469,-689,1
-464,-689,1
-460,-689,1
-455,-689,1
-450,-689,1
-445,-689,1
-440,-689,1
-436,-689,0
-431,-689,0
-426,-689,0
-421,-689,0
-416,-689,0
-412,-689,0
-407,-689,0
-402,-689,0
-398,-689,0
-393,-689,0
-388,-689,0
-383,-689,0
-378,-689,0
-374,-689,0
-369,-689,0
-364,-689,0
-359,-689,0
-354,-689,0
-349,-689,0
-345,-689,0
-340,-689,0
-335,-689,0
-331,-689,0
-326,-689,0
-321,-689,0
-316,-689,0
-312,-689,0
-307,-689,0
-302,-689,0
-297,-689,0
-292,-689,0
-287,-689,0
-283,-689,0
-278,-689,0
-273,-689,0
-268,-689,0
-263,-689,0
-258,-689,0
-254,-689,0
-250,-689,0
-245,-689,0
-240,-689,0
-235,-689,0
-230,-689,0
-225,-689,0
-221,-689,0
-216,-689,0
-211,-689,0
-206,-689,0
-201,-689,0
-196,-689,0
-192,-689,0
-187,-689,0
-183,-689,0
-178,-689,0
-173,-689,0
-168,-689,0
-163,-689,0
-159,-689,0
-154,-689,0
-149,-689,0
-144,-689,0
-139,-689,0
-134,-689,0
-130,-689,0
-125,-689,0
-120,-689,0
-115,-689,0
-110,-689,1
-106,-689,1
-101,-689,1
-97,-689,1
-92,-689,1
-87,-689,1
-82,-689,1
-77,-689,1
-72,-689,1
-68,-689,1
-63,-689,1
-58,-689,1
-53,-689,1
-48,-689,1
-43,-689,1
-39,-689,1
-34,-689,1
-29,-689,1
-25,-689,1
-20,-689,1
-15,-689,1
-10,-689,1
-6,-689,1
-1,-689,1
4,-689,1
9,-689,1
14,-689,1
19,-689,1
23,-689,1
28,-689,1
33,-689,1
38,-689,1
43,-689,1
47,-689,1
50,-689,1
-650,-682,1
-650,-682,1
-646,-682,1
-641,-682,1
-636,-682,1
-631,-682,1
-627,-682,1
-622,-682,1
-617,-682,1
-612,-682,1
-608,-682,1
-603,-682,1
-598,-682,1
-593,-682,1
-588,-682,1
-584,-682,1
-580,-682,1
-575,-682,1
-570,-682,1
-565,-682,1
-560,-682,1
-556,-682,1
-551,-682,1
-546,-682,1
-541,-682,1
-537,-682,1
-532,-682,1
-527,-682,1
-522,-682,1
-518,-682,1
-513,-682,1
-509,-682,1
-504,-682,1
-499,-682,1
-494,-682,1
-490,-682,1
-485,-682,1
-480,-682,1
-475,-682,1
-470,-682,1
-466,-682,1
-461,-682,1
-456,-682,1
-451,-682,1
-447,-682,1
-442,-682,0
-437,-682,0
-433,-682,0
-428,-682,0
-423,-682,0
-419,-682,0
-414,-682,0
-409,-682,0
-404,-682,0
-400,-682,0
-395,-682,0
-390,-682,0
-385,-682,0
-380,-682,0
-376,-682,0
-371,-682,0
-366,-682,0
-361,-682,0
-357,-682,0
-352,-682,0
-348,-682,0
-343,-682,0
-338,-682,0
-333,-682,0
-329,-682,0
-324,-682,0
-319,-682,0
-314,-682,0
-309,-682,0
-305,-682,0
-300,-682,0
-295,-682,0
-291,-682,0
-286,-682,0
-282,-682,0
-277,-682,0
-272,-682,0
-267,-682,0
-262,-682,0
-258,-682,0
-253,-682,0
-248,-682,0
-243,-682,0
-239,-682,0
-234,-682,0
-229,-682,0
-224,-682,0
-219,-682,0
-215,-682,0
-210,-682,0
-206,-682,0
-201,-682,0
-196,-682,0
-192,-682,0
-187,-682,0
-182,-682,0
-177,-682,0
-172,-682,0
-168,-682,0
-163,-682,0
-158,-682,0
-153,-682,0
-149,-682,0
-144,-682,0
-140,-682,0
-135,-682,0
-130,-682,1
-125,-682,1
-121,-682,1
-116,-682,1
-111,-682,1
-106,-682,1
-101,-682,1
-97,-682,1
-92,-682,1
-87,-682,1
-82,-682,1
-78,-682,1
-73,-682,1
-68,-682,1
-63,-682,1
-59,-682,1
-54,-682,1
-50,-682,1
-45,-682,1
-40,-682,1
-35,-682,1
-31,-682,1
-26,-682,1
-21,-682,1
-16,-682,1
-11,-682,1
-7,-682,1
-2,-682,1
3,-682,1
8,-682,1
12,-682,1
16,-682,1
21,-682,1
26,-682,1
31,-682,1
36,-682,1
40,-682,1
45,-682,1
50,-682,1
-650,-466,1
-650,-466,1
-647,-466,1
-644,-466,1
-641,-466,1
-637,-466,1
-634,-466,1
-631,-466,1
-628,-466,1
-625,-466,1
-622,-466,1
-618,-466,1
-615,-466,1
-612,-466,1
-609,-466,1
-605,-466,1
-602,-466,1
-599,-466,1
-596,-466,1
-592,-466,1
-589,-466,1
-586,-466,1
-582,-466,1
-579,-466,1
-576,-466,1
-573,-466,1
-570,-466,1
-567,-466,1
-563,-466,1
-560,-466,1
-557,-466,1
-554,-466,1
-550,-466,1
-547,-466,1
-544,-466,1
-541,-466,1
-537,-466,1
-534,-466,1
-531,-466,1
-528,-466,1
-525,-466,1
-521,-466,1
-518,-466,1
-515,-466,1
-512,-466,1
-508,-466,1
-505,-466,0
-502,-466,0
-499,-466,0
-495,-466,0
-492,-466,0
-489,-466,0
-486,-466,0
-482,-466,0
-479,-466,0
-476,-466,0
-473,-466,0
-470,-466,0
-466,-466,0
-463,-466,0
-460,-466,0
-457,-466,0
-453,-466,0
-450,-466,0
-447,-466,0
-444,-466,0
-440,-466,0
-437,-466,0
-434,-466,0
-431,-466,0
-427,-466,0
-424,-466,0
-421,-466,0
-418,-466,0
-415,-466,0
-411,-466,0
-408,-466,0
-405,-466,0
-402,-466,0
-398,-466,0
-395,-466,0
-392,-466,0
-389,-466,0
-385,-466,0
-382,-466,0
-379,-466,0
-376,-466,0
-372,-466,0
-370,-466,0
-366,-466,0
-363,-466,0
-360,-466,0
-356,-466,0
-353,-466,0
-350,-466,0
-347,-466,0
-343,-466,0
-340,-466,0
-337,-466,0
-334,-466,0
-330,-466,0
-327,-466,0
-324,-466,0
-321,-466,0
-318,-466,0
-315,-466,0
-311,-466,0
-308,-466,0
-305,-466,0
-301,-466,0
-298,-466,0
-295,-466,0
-292,-466,0
-288,-466,0
-285,-466,0
-282,-466,0
-279,-466,0
-275,-466,0
-273,-466,0
-269,-466,0
-266,-466,0
-263,-466,0
-260,-466,0
-256,-466,0
-253,-466,0
-250,-466,0
-246,-466,0
-243,-466,0
-240,-466,0
-237,-466,0
-233,-466,0
-230,-466,0
-227,-466,0
-224,-466,0
-221,-466,0
-218,-466,0
-214,-466,0
-211,-466,0
-208,-466,0
-205,-466,0
-201,-466,0
-198,-466,0
-195,-466,0
-191,-466,0
-188,-466,0
-185,-466,0
-182,-466,0
-178,-466,0
-175,-466,0
-172,-466,0
-169,-466,0
-166,-466,0
-163,-466,0
-159,-466,0
-156,-466,0
-153,-466,0
-150,-466,0
-146,-466,0
-143,-466,0
-140,-466,0
-137,-466,0
-133,-466,0
-130,-466,0
-127,-466,0
-123,-466,0
-120,-466,0
-117,-466,0
-114,-466,0
-111,-466,0
-108,-466,0
-104,-466,0
-101,-466,0
-98,-466,0
-95,-466,0
-91,-466,0
-88,-466,0
-85,-466,0
-82,-466,0
-78,-466,0
-75,-466,0
-72,-466,0
-68,-466,0
-65,-466,0
-62,-466,0
-59,-466,0
-56,-466,0
-53,-466,0
-49,-466,0
-46,-466,0
-43,-466,0
-40,-466,0
-36,-466,0